{
  "apkFileName": "P._ba_v1.4.2(7)_src.apk",
  "VersionInfo": {
    "versionName": "1.4.2",
    "versionCode": "7"
  },
  "UsesFramework": {
    "ids": [1],
    "tag": null
  },
  "unknownFiles": {
    "play-services-basement.properties": "8",
    "firebase-measurement-connector.properties": "8",
    "firebase-iid.properties": "8",
    "firebase-iid-interop.properties": "8",
    "firebase-common.properties": "8",
    "play-services-stats.properties": "8",
    "play-services-tasks.properties": "8",
    "firebase-messaging.properties": "8",
    "play-services-iid.properties": "8",
    "play-services-base.properties": "8",
    "play-services-gcm.properties": "8",
    "ANTISPLIT_BY_APKTOOL_M.txt": "8",
    "okhttp3/internal/publicsuffix/publicsuffixes.gz": "0"
  },
  "PackageInfo": {
    "forcedPackageId": "127",
    "renameManifestPackage": null
  },
  "doNotCompress": [
    "resources.arsc",
    "lib/armeabi-v7a/libglog_init.so",
    "lib/armeabi-v7a/libjsc.so",
    "lib/armeabi-v7a/libfb.so",
    "lib/armeabi-v7a/libjsinspector.so",
    "lib/armeabi-v7a/libglog.so",
    "lib/armeabi-v7a/libimagepipeline.so",
    "lib/armeabi-v7a/libjscexecutor.so",
    "lib/armeabi-v7a/libucrop.so",
    "lib/armeabi-v7a/libfolly_json.so",
    "lib/armeabi-v7a/libreactnativejni.so",
    "lib/armeabi-v7a/libyoga.so",
    "lib/armeabi-v7a/libc++_shared.so",
    "png"
  ],
  "isFrameworkApk": false,
  "compressionType": false,
  "sparseResources": false,
  "version": "2.4.0-230428",
  "sharedLibrary": false,
  "sdkInfo": {
    "minSdkVersion": "16",
    "targetSdkVersion": "28"
  }
}